w1,w2,mse_loss,l1_norm,l2_norm,reg,total_loss
-0.4004637897014618,0.21025191247463226,3.4761979579925537,0.6107707023620605,0.46225810050964355,1.321276307106018,3.489410638809204
-0.3792881369590759,0.23138846457004547,3.3846347332000732,0.6107156872749329,0.4523020088672638,1.3502386808395386,3.398137092590332
-0.3583897054195404,0.2522619366645813,3.2954485416412354,0.6106765866279602,0.44429731369018555,1.3744773864746094,3.3091933727264404
-0.33776190876960754,0.2728763520717621,3.208569049835205,0.6106516122817993,0.4382684826850891,1.3933277130126953,3.2225022315979004
-0.3173982501029968,0.2932348847389221,3.123929977416992,0.6106382608413696,0.4342172145843506,1.406296730041504,3.1379928588867188
-0.2972925901412964,0.31333982944488525,3.0414681434631348,0.610633134841919,0.43212074041366577,1.4131076335906982,3.0555992126464844
-0.2774393558502197,0.33319273591041565,2.9611241817474365,0.6106324195861816,0.43193140625953674,1.41372549533844,2.9752614498138428
-0.25783365964889526,0.3527946174144745,2.8828442096710205,0.610632061958313,0.43357813358306885,1.4083553552627563,2.896927833557129
-0.2384713888168335,0.3721460700035095,2.806575298309326,0.6106282472610474,0.4369693696498871,1.397416591644287,2.820549488067627
-0.21934916079044342,0.39124760031700134,2.7322707176208496,0.610617458820343,0.4419969618320465,1.3814969062805176,2.7460856437683105
-0.20046424865722656,0.4100997745990753,2.659884452819824,0.610596776008606,0.44854068756103516,1.36129629611969,2.673497438430786
-0.18181447684764862,0.42870333790779114,2.5893731117248535,0.6105639934539795,0.45647314190864563,1.3375682830810547,2.6027488708496094
-0.16339805722236633,0.44705939292907715,2.5206947326660156,0.6105177998542786,0.4656641185283661,1.3110690116882324,2.5338053703308105
-0.14521344006061554,0.46516939997673035,2.453808069229126,0.6104574203491211,0.47598427534103394,1.2825158834457397,2.4666333198547363
-0.12725920975208282,0.4830351769924164,2.3886728286743164,0.6103828549385071,0.48730844259262085,1.2525595426559448,2.401198387145996
-0.10953395068645477,0.5006588697433472,2.3252480030059814,0.6102944016456604,0.49951764941215515,1.2217674255371094,2.337465763092041
-0.09203621745109558,0.5180429816246033,2.263493776321411,0.6101928353309631,0.5125007629394531,1.1906183958053589,2.275399923324585
-0.07476446032524109,0.5351901650428772,2.2033708095550537,0.6100791692733765,0.5261551141738892,1.1595044136047363,2.2149658203125
-0.057716984301805496,0.5521032810211182,2.144838571548462,0.6099545955657959,0.5403870940208435,1.1287363767623901,2.156126022338867
-0.04089197516441345,0.5687854290008545,2.087858200073242,0.6098202466964722,0.5551119446754456,1.0985536575317383,2.098843812942505
-0.024287480860948563,0.5852396488189697,2.0323903560638428,0.6096774339675903,0.5702534914016724,1.0691341161727905,2.043081760406494
-0.007901428267359734,0.601469099521637,1.9783966541290283,0.6095271110534668,0.5857434272766113,1.0406042337417603,1.9888026714324951
0.008268369361758232,0.6174769997596741,1.9258396625518799,0.6093705296516418,0.6015210151672363,1.0130494832992554,1.9359701871871948
0.02390037290751934,0.6332708597183228,1.8746808767318726,0.6257453560829163,0.6175323724746704,1.0132997035980225,1.884813904762268
0.03933146595954895,0.6488593220710754,1.8253824710845947,0.6571712493896484,0.6337217092514038,1.0370029211044312,1.8357524871826172
0.054563891142606735,0.6642444729804993,1.7773654460906982,0.6881908178329468,0.6500502824783325,1.0586732625961304,1.787952184677124
0.06959985196590424,0.6794284582138062,1.7305984497070312,0.7188083529472351,0.6664817929267883,1.0785115957260132,1.7413835525512695
0.08444155752658844,0.6944135427474976,1.6850502490997314,0.7490283250808716,0.6829839944839478,1.0966997146606445,1.6960172653198242
0.09909118711948395,0.7092019319534302,1.6406900882720947,0.7788550853729248,0.6995288133621216,1.113399624824524,1.6518241167068481
0.11355092376470566,0.7237959504127502,1.597488284111023,0.8082931041717529,0.7160910964012146,1.128757357597351,1.6087758541107178
0.12782293558120728,0.738197922706604,1.5554158687591553,0.8373468518257141,0.7326489090919495,1.1429033279418945,1.5668449401855469
0.1419093906879425,0.7524101138114929,1.5144436359405518,0.8660208582878113,0.7491828203201294,1.1559540033340454,1.526003122329712
0.15581245720386505,0.7664347887039185,1.474543809890747,0.8943195343017578,0.7656756639480591,1.168013572692871,1.4862239360809326
0.16953426599502563,0.7802743315696716,1.4356894493103027,0.9222472310066223,0.7821124196052551,1.179174780845642,1.4474811553955078
0.18307697772979736,0.7939310073852539,1.3978532552719116,0.9498085975646973,0.7984797358512878,1.1895211935043335,1.4097484350204468
0.19644272327423096,0.8074070811271667,1.3610093593597412,0.9770079851150513,0.814765989780426,1.1991270780563354,1.3730006217956543
0.20963363349437714,0.8207048773765564,1.3251322507858276,1.003849744796753,0.8309608101844788,1.2080590724945068,1.3372128009796143
0.22265180945396423,0.8338266611099243,1.2901967763900757,1.0303385257720947,0.8470553755760193,1.216376781463623,1.3023605346679688
0.23549936711788177,0.8467746376991272,1.256178855895996,1.056478500366211,0.8630415797233582,1.2241339683532715,1.2684202194213867
0.2481783926486969,0.8595510721206665,1.2230546474456787,1.0822739601135254,0.8789125680923462,1.231378436088562,1.2353684902191162
0.26069095730781555,0.8721582293510437,1.1908010244369507,1.107729434967041,0.8946622610092163,1.2381536960601807,1.203182578086853
0.2730391323566437,0.8845982551574707,1.1593953371047974,1.1328492164611816,0.9102855324745178,1.2444987297058105,1.1718403100967407
0.28522494435310364,0.8968732953071594,1.1288155317306519,1.157637357711792,0.925777792930603,1.2504483461380005,1.141319990158081
0.2972504496574402,0.9089855551719666,1.0990402698516846,1.1820982694625854,0.9411349296569824,1.2560348510742188,1.111600637435913
0.3091176450252533,0.9209371209144592,1.070048213005066,1.2062360048294067,0.9563537836074829,1.2612863779067993,1.0826610326766968
0.32082852721214294,0.9327300786972046,1.0418193340301514,1.2300547361373901,0.971431314945221,1.266229271888733,1.0544816255569458
0.3323850631713867,0.9443665146827698,1.0143333673477173,1.25355863571167,0.9863651990890503,1.2708868980407715,1.027042269706726
0.3437892198562622,0.9558485150337219,0.9875713586807251,1.2767515182495117,1.0011532306671143,1.2752808332443237,1.0003241300582886
0.3550429344177246,0.9671781063079834,0.9615141749382019,1.299637794494629,1.015794038772583,1.2794303894042969,0.9743084907531738
0.36614811420440674,0.9783573150634766,0.9361430406570435,1.322221040725708,1.0302858352661133,1.283353567123413,0.9489765763282776
0.3771066665649414,0.9893880486488342,0.9114404320716858,1.3445054292678833,1.0446279048919678,1.2870663404464722,0.924311101436615
0.38792046904563904,1.0002723932266235,0.8873885869979858,1.3664946556091309,1.0588191747665405,1.290583610534668,0.9002944231033325
0.39859139919281006,1.0110121965408325,0.8639705181121826,1.388192892074585,1.0728594064712524,1.2939187288284302,0.8769097328186035
0.4091212749481201,1.0216093063354492,0.841169536113739,1.4096035957336426,1.0867477655410767,1.2970844507217407,0.8541404008865356
0.41951191425323486,1.032065749168396,0.8189696073532104,1.4307305812835693,1.1004843711853027,1.3000917434692383,0.8319705128669739
0.42976513504981995,1.0423833131790161,0.7973547577857971,1.4515776634216309,1.1140691041946411,1.3029512166976929,0.8103842735290527
0.43988269567489624,1.0525637865066528,0.7763097882270813,1.4721484184265137,1.127502202987671,1.305672287940979,0.7893664836883545
0.4498663544654846,1.062609076499939,0.7558197379112244,1.4924464225769043,1.140783667564392,1.308264136314392,0.7689023613929749
0.45971786975860596,1.0725208520889282,0.7358699440956116,1.5124754905700684,1.1539140939712524,1.3107348680496216,0.7489773035049438
0.46943894028663635,1.0823010206222534,0.7164462208747864,1.5322387218475342,1.1668939590454102,1.3130916357040405,0.7295771241188049
0.4790312647819519,1.0919512510299683,0.6975347995758057,1.5517399311065674,1.179723858833313,1.3153417110443115,0.7106882333755493
0.4884965419769287,1.101473331451416,0.6791220903396606,1.5709824562072754,1.1924045085906982,1.3174911737442017,0.6922969818115234
0.4978364109992981,1.1108689308166504,0.6611949801445007,1.5899698734283447,1.2049366235733032,1.3195464611053467,0.674390435218811
0.507052481174469,1.120139718055725,0.643740713596344,1.6087052822113037,1.2173211574554443,1.3215125799179077,0.6569558382034302
0.5161464214324951,1.1292873620986938,0.6267469525337219,1.6271922588348389,1.2295589447021484,1.3233951330184937,0.6399809122085571
0.5251197814941406,1.1383134126663208,0.6102014780044556,1.645433783531189,1.241650938987732,1.3251984119415283,0.6234534382820129
0.5339741706848145,1.1472195386886597,0.5940925478935242,1.6634331941604614,1.2535980939865112,1.3269270658493042,0.6073617935180664
0.5427111387252808,1.1560074090957642,0.5784086585044861,1.6811937093734741,1.2654016017913818,1.328585147857666,0.5916945338249207
0.5513322353363037,1.1646785736083984,0.563138484954834,1.698718547821045,1.2770625352859497,1.3301764726638794,0.5764402747154236
0.5598389506340027,1.173234462738037,0.5482712984085083,1.7160108089447021,1.2885819673538208,1.33170485496521,0.5615883469581604
0.5682328343391418,1.1816767454147339,0.5337963700294495,1.7330734729766846,1.2999610900878906,1.333173394203186,0.5471280813217163
0.5765153169631958,1.1900068521499634,0.5197034478187561,1.7499096393585205,1.3112012147903442,1.3345850706100464,0.5330492854118347
0.5846878886222839,1.1982263326644897,0.5059824585914612,1.7665221691131592,1.3223034143447876,1.3359431028366089,0.5193418860435486
0.5927519798278809,1.2063366174697876,0.49262353777885437,1.782914161682129,1.3332690000534058,1.3372501134872437,0.50599604845047
0.6007090210914612,1.2143391370773315,0.479617178440094,1.7990885972976685,1.3440992832183838,1.3385087251663208,0.4930022656917572
0.6085604429244995,1.2222353219985962,0.4669540524482727,1.8150482177734375,1.3547954559326172,1.3397212028503418,0.4803512692451477
0.6163076162338257,1.2300266027450562,0.4546252489089966,1.8307957649230957,1.3653589487075806,1.3408896923065186,0.46803414821624756
0.6239519119262695,1.237714409828186,0.44262176752090454,1.8463342189788818,1.3757908344268799,1.3420166969299316,0.45604193210601807
0.6314947009086609,1.2453001737594604,0.4309351444244385,1.8616663217544556,1.3860926628112793,1.3431037664413452,0.4443661868572235
0.6389373540878296,1.252785086631775,0.41955694556236267,1.8767948150634766,1.3962657451629639,1.3441530466079712,0.4329984784126282
0.6462811231613159,1.260170578956604,0.40847909450531006,1.8917224407196045,1.406311273574829,1.3451662063598633,0.4219307601451874
0.6535273194313049,1.2674579620361328,0.3976936936378479,1.90645170211792,1.4162306785583496,1.3461449146270752,0.4111551344394684
0.6606772541999817,1.2746485471725464,0.3871930241584778,1.920985221862793,1.426025152206421,1.347090721130371,0.40066394209861755
0.6677322387695312,1.2817436456680298,0.37696948647499084,1.9353258609771729,1.4356961250305176,1.3480051755905151,0.39044952392578125
0.6746934652328491,1.288744568824768,0.3670158386230469,1.949475884437561,1.4452450275421143,1.3488894701004028,0.3805047273635864
0.6815621852874756,1.2956525087356567,0.35732489824295044,1.9634380340576172,1.4546730518341064,1.349745273590088,0.37082234025001526
0.6883395910263062,1.3024686574935913,0.34788981080055237,1.9772146940231323,1.4639816284179688,1.3505734205245972,0.36139553785324097
0.6950269341468811,1.3091942071914673,0.33870387077331543,1.9908082485198975,1.4731720685958862,1.3513752222061157,0.3522176146507263
0.701625406742096,1.3158304691314697,0.32976046204566956,2.004221200942993,1.4822455644607544,1.352151870727539,0.34328198432922363
0.7081362009048462,1.3223786354064941,0.3210531175136566,2.017455816268921,1.4912035465240479,1.3529044389724731,0.3345821499824524
0.7145603895187378,1.3288397789001465,0.31257563829421997,2.030514717102051,1.5000473260879517,1.3536337614059448,0.32611197233200073
0.720899224281311,1.3352150917053223,0.3043220043182373,2.043400287628174,1.5087782144546509,1.3543410301208496,0.31786540150642395
0.7271537780761719,1.341505765914917,0.29628628492355347,2.0561141967773438,1.517397403717041,1.3550268411636353,0.30983656644821167
0.7333251237869263,1.3477128744125366,0.28846275806427,2.068659543991089,1.5259064435958862,1.3556922674179077,0.3020196855068207
0.7394144535064697,1.3538376092910767,0.2808457911014557,2.081037998199463,1.534306287765503,1.3563380241394043,0.2944091558456421
0.7454227805137634,1.359881043434143,0.273429811000824,2.093252182006836,1.5425984859466553,1.3569650650024414,0.2869994640350342
0.7513512372970581,1.3658441305160522,0.26620975136756897,2.1053037643432617,1.5507842302322388,1.3575736284255981,0.27978548407554626
0.7572008371353149,1.3717280626296997,0.2591802775859833,2.1171953678131104,1.5588645935058594,1.3581650257110596,0.2727619409561157
0.7629726529121399,1.3775339126586914,0.25233641266822815,2.1289288997650146,1.5668411254882812,1.3587394952774048,0.26592379808425903
0.7686676979064941,1.3832626342773438,0.24567322432994843,2.1405065059661865,1.5747148990631104,1.359297752380371,0.259266197681427
0.7742869853973389,1.3889153003692627,0.23918603360652924,2.151930332183838,1.5824871063232422,1.3598406314849854,0.2527844309806824
0.7798315286636353,1.3944928646087646,0.23287008702754974,2.1632022857666016,1.5901590585708618,1.3603684902191162,0.2464737743139267
0.7853022813796997,1.3999963998794556,0.22672094404697418,2.1743245124816895,1.5977319478988647,1.3608819246292114,0.24032975733280182
0.7907002568244934,1.4054268598556519,0.22073420882225037,2.1852986812591553,1.605207085609436,1.36138117313385,0.23434801399707794
0.7960264086723328,1.41078519821167,0.21490547060966492,2.19612717628479,1.6125853061676025,1.3618673086166382,0.22852414846420288
0.8012816905975342,1.4160723686218262,0.20923073589801788,2.2068116664886475,1.6198681592941284,1.3623403310775757,0.2228541374206543
0.8064670562744141,1.421289324760437,0.203705832362175,2.2173540592193604,1.62705659866333,1.3628008365631104,0.2173338383436203
0.811583399772644,1.4264370203018188,0.19832679629325867,2.2277565002441406,1.6341519355773926,1.3632493019104004,0.21195928752422333
0.8166316747665405,1.431516408920288,0.19308984279632568,2.238020420074463,1.6411551237106323,1.3636860847473145,0.20672670006752014
0.8216127753257751,1.4365283250808716,0.18799114227294922,2.248147964477539,1.6480674743652344,1.3641116619110107,0.20163226127624512
0.8265275955200195,1.4414737224578857,0.18302710354328156,2.258141040802002,1.6548900604248047,1.3645262718200684,0.19667236506938934
0.8313769698143005,1.446353554725647,0.17819412052631378,2.2680013179779053,1.6616240739822388,1.364930510520935,0.1918434202671051
0.8361617922782898,1.4511685371398926,0.17348875105381012,2.2777304649353027,1.6682703495025635,1.3653244972229004,0.1871419996023178
0.8408829569816589,1.455919623374939,0.16890765726566315,2.287330389022827,1.6748303174972534,1.3657087087631226,0.18256475031375885
0.84554123878479,1.460607647895813,0.16444751620292664,2.296802520751953,1.6813048124313354,1.3660833835601807,0.178108349442482
0.8501375317573547,1.4652334451675415,0.1601051539182663,2.3061490058898926,1.6876951456069946,1.3664487600326538,0.17376963794231415
0.8546726107597351,1.4697978496551514,0.1558774709701538,2.315371036529541,1.6940020322799683,1.3668053150177002,0.16954553127288818
0.859147310256958,1.4743016958236694,0.15176144242286682,2.3244705200195312,1.7002266645431519,1.367153286933899,0.16543297469615936
0.8635624647140503,1.478745698928833,0.14775408804416656,2.333448886871338,1.706370234489441,1.36749267578125,0.1614290177822113
0.8679187893867493,1.483130693435669,0.1438525915145874,2.3423080444335938,1.7124336957931519,1.3678240776062012,0.15753082931041718
0.8722171187400818,1.487457513809204,0.1400541216135025,2.3510494232177734,1.718417763710022,1.3681477308273315,0.15373559296131134
0.8764582276344299,1.4917269945144653,0.13635598123073578,2.3596746921539307,1.7243237495422363,1.3684638738632202,0.1500406265258789
0.880642831325531,1.4959397315979004,0.13275542855262756,2.36818528175354,1.7301527261734009,1.3687723875045776,0.14644315838813782
0.8847717642784119,1.5000965595245361,0.12925003468990326,2.376582622528076,1.735905408859253,1.369073748588562,0.14294077455997467
0.888845682144165,1.5041983127593994,0.12583717703819275,2.3848683834075928,1.7415827512741089,1.3693684339523315,0.13953086733818054
0.8928653597831726,1.508245587348938,0.12251440435647964,2.3930439949035645,1.7471860647201538,1.3696560859680176,0.13621096312999725
0.8968314528465271,1.5122390985488892,0.1192794218659401,2.401110887527466,1.7527159452438354,1.3699373006820679,0.13297879695892334
0.9007447361946106,1.5161796808242798,0.11612988263368607,2.4090704917907715,1.7581733465194702,1.370212197303772,0.12983199954032898
0.9046059250831604,1.5200679302215576,0.1130635142326355,2.416924476623535,1.763559341430664,1.3704808950424194,0.1267683207988739
0.908415675163269,1.5239046812057495,0.1100781112909317,2.4246737957000732,1.7688748836517334,1.3707435131072998,0.12378554791212082
0.912174642086029,1.5276904106140137,0.10717152059078217,2.4323203563690186,1.7741206884384155,1.3710005283355713,0.12088152766227722
0.9158835411071777,1.531425952911377,0.10434174537658691,2.4398651123046875,1.7792978286743164,1.3712517023086548,0.11805426329374313
0.9195430278778076,1.535111904144287,0.10158666968345642,2.4473094940185547,1.7844069004058838,1.371497392654419,0.11530164629220963
0.9231537580490112,1.5387489795684814,0.09890437126159668,2.4546549320220947,1.7894490957260132,1.3717378377914429,0.1126217469573021
0.9267163872718811,1.5423377752304077,0.09629291296005249,2.461902618408203,1.794425129890442,1.371972918510437,0.11001264303922653
0.930231511592865,1.5458790063858032,0.09375040978193283,2.4690542221069336,1.7993357181549072,1.3722032308578491,0.10747244209051132
0.9336998462677002,1.5493732690811157,0.09127505123615265,2.4761104583740234,1.8041819334030151,1.3724284172058105,0.10499933362007141
0.9371219277381897,1.552821159362793,0.08886504918336868,2.4830732345581055,1.8089646100997925,1.37264883518219,0.10259153693914413
0.940498411655426,1.5562233924865723,0.08651871234178543,2.489943027496338,1.813684344291687,1.3728646039962769,0.10024736076593399
0.9438298940658569,1.5595804452896118,0.08423430472612381,2.4967217445373535,1.8183422088623047,1.3730758428573608,0.0979650616645813
0.9471169710159302,1.562893033027649,0.08201023936271667,2.5034103393554688,1.8229387998580933,1.3732826709747314,0.09574306756258011
0.9503602385520935,1.5661616325378418,0.0798448994755745,2.510010004043579,1.8274750709533691,1.3734852075576782,0.09357975423336029
0.9535602927207947,1.5693868398666382,0.0777367651462555,2.51652193069458,1.83195161819458,1.3736835718154907,0.09147360175848007
0.9567176699638367,1.5725693702697754,0.07568429410457611,2.522947072982788,1.836369276046753,1.3738778829574585,0.08942307531833649
0.9598329663276672,1.5757097005844116,0.07368601113557816,2.529287099838257,1.840728998184204,1.3740681409835815,0.08742669224739075
0.9629067182540894,1.578808307647705,0.07174050807952881,2.5355427265167236,1.8450312614440918,1.374254584312439,0.08548305183649063
0.9659395217895508,1.581865906715393,0.06984639167785645,2.541715145111084,1.8492769002914429,1.3744373321533203,0.08359076082706451
0.9689318537712097,1.5848828554153442,0.06800226867198944,2.5478053092956543,1.8534667491912842,1.3746161460876465,0.08174842596054077
0.9718843102455139,1.587859869003296,0.0662069022655487,2.553814649581909,1.857601284980774,1.3747916221618652,0.07995481789112091
0.9747974276542664,1.5907974243164062,0.06445891410112381,2.559744119644165,1.8616814613342285,1.3749635219573975,0.0782085508108139
0.9776716828346252,1.5936959981918335,0.06275707483291626,2.5655949115753174,1.8657079935073853,1.3751320838928223,0.07650839537382126
0.9805076122283936,1.5965561866760254,0.06110019609332085,2.5713677406311035,1.869681477546692,1.37529718875885,0.07485316693782806
0.9833056926727295,1.5993784666061401,0.059487055987119675,2.577063798904419,1.8736026287078857,1.37545907497406,0.07324164360761642
0.986066460609436,1.602163314819336,0.05791652202606201,2.58268404006958,1.877472162246704,1.3756177425384521,0.0716727003455162
0.9887903928756714,1.604911208152771,0.05638747662305832,2.5882296562194824,1.8812905550003052,1.3757734298706055,0.07014521211385727
0.9914780259132385,1.607622742652893,0.05489881709218025,2.5937016010284424,1.8850587606430054,1.37592613697052,0.06865807622671127
0.9941297769546509,1.6102982759475708,0.05344945192337036,2.5991008281707764,1.888777256011963,1.3760758638381958,0.06721021234989166
0.9967461824417114,1.612938404083252,0.052038371562957764,2.6044280529022217,1.892446756362915,1.3762226104736328,0.06580059975385666
0.9993276596069336,1.6155434846878052,0.050664547830820084,2.609684467315674,1.8960678577423096,1.3763666152954102,0.06442821025848389
1.0018746852874756,1.6181139945983887,0.04932701587677002,2.614871025085449,1.8996411561965942,1.3765078783035278,0.06309209764003754
1.0043877363204956,1.6206505298614502,0.04802482947707176,2.6199886798858643,1.9031672477722168,1.376646637916565,0.06179129332304001
1.0068672895431519,1.6231534481048584,0.04675700142979622,2.6250381469726562,1.9066470861434937,1.3767824172973633,0.060524825006723404
1.009313702583313,1.6256232261657715,0.045522648841142654,2.6300206184387207,1.910080909729004,1.3769158124923706,0.05929180607199669
1.0117275714874268,1.628060221672058,0.04432089999318123,2.634936809539795,1.9134693145751953,1.377046823501587,0.05809136852622032
1.0141091346740723,1.6304649114608765,0.043150875717401505,2.6397876739501953,1.9168132543563843,1.377175211906433,0.05692262947559357
1.0164589881896973,1.6328377723693848,0.04201177507638931,2.6445741653442383,1.9201128482818604,1.3773014545440674,0.055784787982702255
1.0187774896621704,1.6351791620254517,0.04090273007750511,2.649296760559082,1.9233689308166504,1.377425193786621,0.054676979780197144
1.0210649967193604,1.6374895572662354,0.039822980761528015,2.653956651687622,1.9265820980072021,1.3775466680526733,0.053598448634147644
1.0233219861984253,1.6397693157196045,0.038771748542785645,2.6585545539855957,1.9297528266906738,1.3776658773422241,0.05254840850830078
1.0255488157272339,1.6420189142227173,0.03774827718734741,2.6630911827087402,1.9328817129135132,1.3777828216552734,0.051526106894016266
1.0277459621429443,1.6442387104034424,0.036751843988895416,2.667567729949951,1.9359691143035889,1.37789785861969,0.050530821084976196
1.0299137830734253,1.6464290618896484,0.035781700164079666,2.6719846725463867,1.9390159845352173,1.378010630607605,0.04956180602312088
1.0320526361465454,1.6485904455184937,0.03483719006180763,2.6763429641723633,1.942022442817688,1.3781214952468872,0.04861840605735779
1.034162998199463,1.6507232189178467,0.0339176207780838,2.680643081665039,1.9449892044067383,1.378230333328247,0.04769992455840111
1.0362451076507568,1.6528277397155762,0.03302231803536415,2.6848862171173096,1.947916865348816,1.3783371448516846,0.04680568724870682
1.0382994413375854,1.6549043655395508,0.03215067461133003,2.689072847366333,1.9508057832717896,1.3784421682357788,0.045935094356536865
1.0403263568878174,1.6569535732269287,0.03130204230546951,2.693203926086426,1.9536566734313965,1.3785451650619507,0.04508749395608902
1.0423262119293213,1.658975601196289,0.030475802719593048,2.697279930114746,1.9564697742462158,1.3786463737487793,0.04426226764917374
1.0442993640899658,1.6609708070755005,0.02967139333486557,2.7013018131256104,1.9592458009719849,1.3787457942962646,0.04345884919166565
1.0462461709976196,1.6629396677017212,0.02888823300600052,2.705270290374756,1.9619849920272827,1.3788435459136963,0.042676668614149094
1.0481668710708618,1.6648824214935303,0.028125733137130737,2.709185838699341,1.9646880626678467,1.3789393901824951,0.04191512614488602
1.0500619411468506,1.666799545288086,0.02738340198993683,2.7130494117736816,1.9673553705215454,1.3790336847305298,0.04117373749613762
1.0519317388534546,1.6686912775039673,0.026660645380616188,2.7168614864349365,1.9699875116348267,1.3791261911392212,0.040451906621456146
1.053776502609253,1.670557975769043,0.02595696970820427,2.720623016357422,1.972584843635559,1.379217267036438,0.0397491417825222
1.0555965900421143,1.672399878501892,0.025271886959671974,2.724334478378296,1.9751478433609009,1.3793065547943115,0.03906495124101639
1.0573923587799072,1.6742174625396729,0.0246049165725708,2.727996349334717,1.9776767492294312,1.3793944120407104,0.0383988618850708
1.0591641664505005,1.6760109663009644,0.023955542594194412,2.73160982131958,1.9801723957061768,1.3794808387756348,0.03775034844875336
1.0609123706817627,1.6777807474136353,0.023323316127061844,2.735175132751465,1.9826350212097168,1.3795655965805054,0.03711897134780884
1.062637209892273,1.6795271635055542,0.02270776778459549,2.7386932373046875,1.9850651025772095,1.379649043083191,0.03650425747036934
1.0643389225006104,1.6812504529953003,0.02210846357047558,2.742164373397827,1.9874629974365234,1.3797310590744019,0.03590577468276024
1.0660178661346436,1.6829509735107422,0.021525004878640175,2.745589256286621,1.9898293018341064,1.379811406135559,0.0353231206536293
1.0676743984222412,1.684628963470459,0.020956946536898613,2.7489688396453857,1.992164134979248,1.3798906803131104,0.034755852073431015
1.0693087577819824,1.6862847805023193,0.020403888076543808,2.7523033618927,1.9944682121276855,1.379968523979187,0.03420357406139374
1.0709213018417358,1.6879186630249023,0.019865436479449272,2.7555935382843018,1.996741771697998,1.3800450563430786,0.033665888011455536
1.0725122690200806,1.6895309686660767,0.019341200590133667,2.7588400840759277,1.9989851713180542,1.3801202774047852,0.03314240276813507
1.0740820169448853,1.6911219358444214,0.018830804154276848,2.7620432376861572,2.0011990070343018,1.3801941871643066,0.032632745802402496
1.075630784034729,1.6926919221878052,0.018333876505494118,2.7652039527893066,2.0033833980560303,1.3802670240402222,0.032136544585227966
1.077158808708191,1.6942410469055176,0.017850061878561974,2.768322706222534,2.0055391788482666,1.380338430404663,0.03165344521403313
1.07866632938385,1.6957697868347168,0.017379039898514748,2.771399974822998,2.0076661109924316,1.380408763885498,0.03118312731385231
1.0801537036895752,1.6972782611846924,0.01692044921219349,2.7744359970092773,2.009765148162842,1.3804776668548584,0.030725225806236267
1.0816211700439453,1.698766827583313,0.01647397316992283,2.7774319648742676,2.011836290359497,1.380545735359192,0.030279431492090225
1.083069086074829,1.7002357244491577,0.016039280220866203,2.7803878784179688,2.0138800144195557,1.3806124925613403,0.029845405369997025
1.0844975709915161,1.7016851902008057,0.015616051852703094,2.7833046913146973,2.015896797180176,1.3806781768798828,0.029422834515571594
1.085906982421875,1.703115463256836,0.015204011462628841,2.7861828804016113,2.0178868770599365,1.3807429075241089,0.02901143953204155
1.0872974395751953,1.7045269012451172,0.014802847057580948,2.789022445678711,2.019850492477417,1.38080632686615,0.02861091122031212
1.0886693000793457,1.705919623374939,0.014412278309464455,2.7918243408203125,2.0217881202697754,1.380868911743164,0.028220966458320618
1.0900228023529053,1.70729398727417,0.014032028615474701,2.794589042663574,2.02370023727417,1.3809303045272827,0.02784133143723011
1.0913581848144531,1.7086502313613892,0.013661812990903854,2.797316789627075,2.0255870819091797,1.3809906244277954,0.027471719309687614
1.0926756858825684,1.7099884748458862,0.013301364146173,2.8000082969665527,2.0274486541748047,1.3810501098632812,0.02711186558008194
1.09397554397583,1.7113090753555298,0.012950443662703037,2.802664279937744,2.0292859077453613,1.3811086416244507,0.026761529967188835
1.0952579975128174,1.712612271308899,0.012608787044882774,2.8052845001220703,2.0310986042022705,1.3811661005020142,0.02642044797539711
1.0965232849121094,1.7138981819152832,0.012276140972971916,2.807870388031006,2.0328872203826904,1.3812228441238403,0.026088368147611618
1.0977716445922852,1.7151671648025513,0.011952288448810577,2.8104214668273926,2.0346524715423584,1.381278395652771,0.0257650725543499
1.0990033149719238,1.7164193391799927,0.011636976152658463,2.812938690185547,2.0363941192626953,1.3813331127166748,0.02545030787587166
1.100218415260315,1.717655062675476,0.011329990811645985,2.815422534942627,2.0381128787994385,1.3813869953155518,0.025143861770629883
1.1014173030853271,1.718874454498291,0.011031107977032661,2.817873477935791,2.039808750152588,1.3814400434494019,0.024845506995916367
1.10260009765625,1.7200777530670166,0.010740110650658607,2.820291757583618,2.0414822101593018,1.381492257118225,0.024555033072829247
1.1037670373916626,1.721265196800232,0.010456797666847706,2.8226778507232666,2.043133497238159,1.381543517112732,0.024272233247756958
1.104918360710144,1.7224369049072266,0.010180963203310966,2.8250322341918945,2.0447628498077393,1.3815940618515015,0.023996904492378235
1.1060543060302734,1.7235931158065796,0.00991241354495287,2.82735538482666,2.0463707447052,1.3816437721252441,0.023728851228952408
1.1071749925613403,1.7247340679168701,0.00965095218271017,2.8296475410461426,2.047957420349121,1.3816925287246704,0.02346787601709366
1.1082806587219238,1.7258599996566772,0.00939639750868082,2.8319091796875,2.049522876739502,1.381740689277649,0.02321380376815796
1.1093714237213135,1.72697114944458,0.009148557670414448,2.8341407775878906,2.051067590713501,1.3817881345748901,0.02296643890440464
1.110447645187378,1.7280676364898682,0.008907261304557323,2.8363425731658936,2.0525920391082764,1.3818345069885254,0.022725606337189674
1.1115094423294067,1.729149580001831,0.008672326803207397,2.838515281677246,2.054096221923828,1.3818804025650024,0.022491130977869034
1.1125569343566895,1.7302173376083374,0.008443600498139858,2.8406591415405273,2.0555806159973145,1.3819254636764526,0.022262854501605034
1.1135903596878052,1.7312710285186768,0.008220911026000977,2.8427743911743164,2.0570452213287354,1.3819698095321655,0.022040609270334244
1.114609956741333,1.7323107719421387,0.008004100993275642,2.8448615074157715,2.058490514755249,1.3820134401321411,0.02182423509657383
1.1156158447265625,1.7333368062973022,0.007793016266077757,2.8469207286834717,2.0599164962768555,1.3820563554763794,0.021613579243421555
1.1166082620620728,1.7343493700027466,0.007587503641843796,2.8489527702331543,2.061323642730713,1.38209867477417,0.02140849083662033
1.1175873279571533,1.7353485822677612,0.0073874108493328094,2.8509576320648193,2.0627121925354004,1.3821402788162231,0.021208813413977623
1.1185532808303833,1.7363345623016357,0.007192601915448904,2.852935791015625,2.064082384109497,1.382181167602539,0.021014412865042686
1.1195062398910522,1.7373075485229492,0.007002939470112324,2.8548879623413086,2.065434455871582,1.3822215795516968,0.020825155079364777
1.1204464435577393,1.7382677793502808,0.006818284746259451,2.856813907623291,2.0667684078216553,1.3822612762451172,0.020640896633267403
1.1213740110397339,1.73921537399292,0.006638495717197657,2.8587141036987305,2.068084955215454,1.3823001384735107,0.020461495965719223
1.1222891807556152,1.7401504516601562,0.006463450845330954,2.8605895042419434,2.0693838596343994,1.3823387622833252,0.020286837592720985
1.1231920719146729,1.7410732507705688,0.006293024867773056,2.8624396324157715,2.0706658363342285,1.3823764324188232,0.020116789266467094
1.1240828037261963,1.7419838905334473,0.006127091124653816,2.8642654418945312,2.0719306468963623,1.3824137449264526,0.0199512280523777
1.124961495399475,1.742882490158081,0.005965542513877153,2.8660666942596436,2.073178768157959,1.3824503421783447,0.01979004591703415
1.1258283853530884,1.7437692880630493,0.005808267742395401,2.8678441047668457,2.0744102001190186,1.3824864625930786,0.019633132964372635
1.1266837120056152,1.7446444034576416,0.005655140615999699,2.8695976734161377,2.075625419616699,1.3825219869613647,0.019480358809232712
1.1275274753570557,1.7455079555511475,0.0055060493759810925,2.871328115463257,2.07682466506958,1.3825567960739136,0.019331617280840874
1.1283599138259888,1.746360182762146,0.005360901355743408,2.873035430908203,2.078007698059082,1.3825913667678833,0.01918681338429451
1.129181146621704,1.7472012042999268,0.005219580605626106,2.8747200965881348,2.0791752338409424,1.3826252222061157,0.019045833498239517
1.1299914121627808,1.7480311393737793,0.005081989336758852,2.876382350921631,2.0803275108337402,1.3826583623886108,0.01890857331454754
1.1307907104492188,1.7488502264022827,0.00494802463799715,2.8780226707458496,2.0814642906188965,1.3826913833618164,0.018774937838315964
1.1315792798995972,1.749658465385437,0.0048175957053899765,2.879641056060791,2.0825860500335693,1.3827236890792847,0.01864483207464218
1.1323572397232056,1.7504560947418213,0.00469061266630888,2.881237745285034,2.083693027496338,1.3827553987503052,0.01851816661655903
1.1331247091293335,1.751243233680725,0.00456698052585125,2.8828134536743164,2.084785223007202,1.382786750793457,0.018394846469163895
1.13388192653656,1.752020001411438,0.0044466122053563595,2.8843679428100586,2.085862874984741,1.3828176259994507,0.018274787813425064
1.1346288919448853,1.752786636352539,0.004329416435211897,2.885901927947998,2.0869264602661133,1.3828479051589966,0.018157895654439926
1.1353658437728882,1.7535431385040283,0.00421531219035387,2.8874154090881348,2.0879759788513184,1.3828777074813843,0.018044088035821915
1.1360929012298584,1.7542897462844849,0.004104220308363438,2.888908863067627,2.0890114307403564,1.3829071521759033,0.01793329045176506
1.136810064315796,1.7550265789031982,0.0039960541762411594,2.890382766723633,2.0900332927703857,1.3829362392425537,0.01782541535794735
1.1375175714492798,1.7557536363601685,0.0038907479029148817,2.891836643218994,2.0910418033599854,1.3829644918441772,0.01772039197385311
1.1382155418395996,1.7564711570739746,0.0037882267497479916,2.8932712078094482,2.092036724090576,1.3829925060272217,0.017618151381611824
1.1389042139053345,1.7571792602539062,0.0036884101573377848,2.894686698913574,2.0930182933807373,1.383020281791687,0.01751861348748207
1.1395835876464844,1.757878065109253,0.00359121966175735,2.896083354949951,2.093986988067627,1.3830474615097046,0.017421694472432137
1.1402537822723389,1.7585676908493042,0.0034965956583619118,2.8974616527557373,2.094943046569824,1.383074164390564,0.017327336594462395
1.1409149169921875,1.7592482566833496,0.0034044692292809486,2.8988213539123535,2.09588623046875,1.3831005096435547,0.017235472798347473
1.1415671110153198,1.7599200010299683,0.0033147765789180994,2.900163173675537,2.0968170166015625,1.3831264972686768,0.017146041616797447
1.142210602760315,1.7605829238891602,0.0032274452969431877,2.901487112045288,2.0977354049682617,1.3831521272659302,0.0170589666813612
1.1428453922271729,1.7612371444702148,0.0031424122862517834,2.9027934074401855,2.098641872406006,1.3831771612167358,0.016974182799458504
1.143471598625183,1.7618827819824219,0.0030596242286264896,2.9040825366973877,2.099536180496216,1.3832019567489624,0.016891643404960632
1.1440893411636353,1.7625199556350708,0.0029790224507451057,2.9053544998168945,2.1004185676574707,1.3832263946533203,0.01681128516793251
1.1446987390518188,1.7631487846374512,0.0029005478136241436,2.906609296798706,2.1012892723083496,1.3832504749298096,0.01673305220901966
1.1452999114990234,1.7637693881988525,0.0028241437394171953,2.9078474044799805,2.1021485328674316,1.383273959159851,0.01665688306093216
1.1458929777145386,1.764381766319275,0.002749753650277853,2.909069299697876,2.102996587753296,1.3832972049713135,0.016582725569605827
1.1464780569076538,1.7649861574172974,0.002677331445738673,2.9102747440338135,2.1038331985473633,1.3833200931549072,0.016510531306266785
1.1470552682876587,1.7655826807022095,0.0026068163570016623,2.911464214324951,2.104658603668213,1.3833427429199219,0.016440242528915405
1.1476246118545532,1.7661713361740112,0.0025381562300026417,2.912637948989868,2.105473279953003,1.3833649158477783,0.01637180522084236
1.1481863260269165,1.7667522430419922,0.002471315208822489,2.9137959480285645,2.1062772274017334,1.3833867311477661,0.01630518212914467
1.1487404108047485,1.7673256397247314,0.0024062355514615774,2.914938449859619,2.1070704460144043,1.3834081888198853,0.01624031737446785
1.1492869853973389,1.767891526222229,0.002342869294807315,2.9160661697387695,2.1078531742095947,1.3834294080734253,0.016177162528038025
1.149826169013977,1.7684500217437744,0.0022811759263277054,2.9171786308288574,2.1086254119873047,1.3834503889083862,0.01611568033695221
1.1503580808639526,1.7690011262893677,0.0022211093455553055,2.918276309967041,2.1093873977661133,1.3834710121154785,0.016055818647146225
1.1508828401565552,1.769545078277588,0.0021626302041113377,2.9193592071533203,2.1101396083831787,1.383491039276123,0.015997540205717087
1.1514004468917847,1.770081877708435,0.00210568867623806,2.9204277992248535,2.1108815670013428,1.383510947227478,0.015940796583890915
1.1519110202789307,1.7706116437911987,0.0020502537954598665,2.9214823246002197,2.1116137504577637,1.383530616760254,0.01588555984199047
1.1524146795272827,1.7711344957351685,0.0019962829537689686,2.92252254486084,2.1123363971710205,1.3835498094558716,0.015831781551241875
1.1529115438461304,1.7716505527496338,0.001943735172972083,2.923549175262451,2.113049268722534,1.3835688829421997,0.015779422596096992
1.1534017324447632,1.7721598148345947,0.001892570056952536,2.9245619773864746,2.113752841949463,1.3835874795913696,0.01572844386100769
1.1538852453231812,1.7726625204086304,0.0018427541945129633,2.9255614280700684,2.1144468784332275,1.3836060762405396,0.01567881554365158
1.1543622016906738,1.7731586694717407,0.0017942494014278054,2.9265477657318115,2.1151320934295654,1.3836240768432617,0.015630489215254784
1.1548327207565308,1.7736482620239258,0.0017470229649916291,2.927520751953125,2.1158080101013184,1.3836419582366943,0.015583442524075508
1.155296802520752,1.7741315364837646,0.0017010450828820467,2.928481101989746,2.1164751052856445,1.3836596012115479,0.015537641011178493
1.155754566192627,1.7746084928512573,0.001656278851442039,2.9294283390045166,2.117133378982544,1.3836767673492432,0.01549304649233818
1.1562061309814453,1.7750792503356934,0.0016126945847645402,2.930363178253174,2.1177828311920166,1.3836939334869385,0.015449633821845055
1.1566516160964966,1.7755438089370728,0.0015702582895755768,2.9312853813171387,2.1184237003326416,1.3837106227874756,0.015407363884150982
1.1570910215377808,1.776002287864685,0.0015289412112906575,2.9321954250335693,2.119055986404419,1.3837271928787231,0.015366212464869022
1.1575244665145874,1.7764548063278198,0.0014887158758938313,2.933093309402466,2.119680166244507,1.3837432861328125,0.015326147899031639
1.157952070236206,1.7769014835357666,0.0014495505020022392,2.9339792728424072,2.120295763015747,1.3837593793869019,0.015287144109606743
1.1583738327026367,1.7773423194885254,0.0014114133082330227,2.9348535537719727,2.120903491973877,1.3837751150131226,0.015249164775013924
1.158789873123169,1.7777774333953857,0.0013742840383201838,2.935716152191162,2.1215031147003174,1.3837906122207642,0.01521218940615654
1.1592003107070923,1.7782068252563477,0.0013381323078647256,2.9365673065185547,2.1220948696136475,1.3838058710098267,0.015176190994679928
1.1596051454544067,1.7786306142807007,0.00130293401889503,2.9374070167541504,2.122678756713867,1.3838207721710205,0.015141141600906849
1.1600044965744019,1.7790489196777344,0.0012686650734394789,2.9382357597351074,2.1232547760009766,1.3838356733322144,0.015107021667063236
1.1603983640670776,1.7794617414474487,0.00123529729899019,2.939053535461426,2.123823404312134,1.3838502168655396,0.015073798596858978
1.1607868671417236,1.7798691987991333,0.0012028127675876021,2.9398601055145264,2.1243844032287598,1.3838645219802856,0.015041457489132881
1.1611701250076294,1.7802714109420776,0.001171184703707695,2.9406561851501465,2.1249377727508545,1.3838787078857422,0.015009971335530281
1.161548137664795,1.7806683778762817,0.001140386564657092,2.941441535949707,2.125483989715576,1.38389253616333,0.01497931219637394
1.1619210243225098,1.7810602188110352,0.0011104019358754158,2.942216396331787,2.126023054122925,1.3839061260223389,0.014949463307857513
1.162288784980774,1.781446933746338,0.0010812054388225079,2.942981243133545,2.1265549659729004,1.3839197158813477,0.014920402318239212
1.162651538848877,1.7818286418914795,0.0010527815902605653,2.9437355995178223,2.127079725265503,1.3839329481124878,0.014892111532390118
1.1630094051361084,1.78220534324646,0.00102510629221797,2.9444801807403564,2.1275975704193115,1.3839460611343384,0.014864565804600716
1.1633623838424683,1.7825771570205688,0.0009981597540900111,2.9452147483825684,2.1281087398529053,1.3839588165283203,0.014837747439742088
1.1637104749679565,1.7829442024230957,0.000971923815086484,2.945939540863037,2.128612995147705,1.3839714527130127,0.014811637811362743
1.1640537977218628,1.7833064794540405,0.0009463796741329134,2.946654796600342,2.12911057472229,1.3839839696884155,0.014786218293011189
1.1643924713134766,1.7836641073226929,0.0009215097525157034,2.9473602771759033,2.1296017169952393,1.3839960098266602,0.014761470258235931
1.1647264957427979,1.7840170860290527,0.0008972920477390289,2.948056697845459,2.1300864219665527,1.3840080499649048,0.014737372286617756
1.1650559902191162,1.7843654155731201,0.0008737138705328107,2.9487435817718506,2.1305644512176514,1.3840198516845703,0.014713912270963192
1.1653809547424316,1.7847093343734741,0.0008507585735060275,2.9494214057922363,2.1310362815856934,1.3840315341949463,0.014691073447465897
1.1657015085220337,1.7850487232208252,0.0008284052601084113,2.9500904083251953,2.1315019130706787,1.3840430974960327,0.014668835327029228
1.1660176515579224,1.785383701324463,0.0008066425216384232,2.9507503509521484,2.1319613456726074,1.3840543031692505,0.014647185802459717
1.1663295030593872,1.7857143878936768,0.0007854547002352774,2.9514012336730957,2.1324145793914795,1.3840653896331787,0.014626109041273594
1.1666370630264282,1.7860407829284668,0.0007648225873708725,2.9520440101623535,2.132862091064453,1.3840763568878174,0.014605585485696793
1.166940450668335,1.7863630056381226,0.0007447349489666522,2.9526777267456055,2.13330340385437,1.384087085723877,0.014585605822503567
1.1672396659851074,1.786681056022644,0.0007251740316860378,2.953303337097168,2.1337392330169678,1.3840975761413574,0.014566149562597275
1.1675347089767456,1.7869949340820312,0.0007061289506964386,2.953920841217041,2.134169101715088,1.3841081857681274,0.014547210186719894
1.1678258180618286,1.7873047590255737,0.0006875898689031601,2.9545297622680664,2.1345932483673096,1.3841184377670288,0.014528773725032806
1.168112874031067,1.787610650062561,0.0006695356569252908,2.9551305770874023,2.135011672973633,1.3841285705566406,0.014510820619761944
1.16839599609375,1.7879126071929932,0.0006519567687064409,2.955723524093628,2.135424852371216,1.3841383457183838,0.014493339695036411
1.168675184249878,1.7882106304168701,0.0006348403985612094,2.956308603286743,2.1358325481414795,1.384148120880127,0.014476321637630463
1.1689505577087402,1.7885048389434814,0.0006181772914715111,2.956885814666748,2.136234760284424,1.384157657623291,0.014459753409028053
1.169222116470337,1.7887952327728271,0.0006019517313688993,2.9574553966522217,2.136631727218628,1.3841670751571655,0.014443621970713139
1.1694899797439575,1.7890819311141968,0.0005861549871042371,2.958017349243164,2.137023448944092,1.3841763734817505,0.014427918009459972
1.169754147529602,1.7893649339675903,0.0005707718664780259,2.9585719108581543,2.1374099254608154,1.384185552597046,0.014412627555429935
1.17001473903656,1.7896442413330078,0.000555794220417738,2.9591190814971924,2.137791156768799,1.3841946125030518,0.014397740364074707
1.1702717542648315,1.7899199724197388,0.0005412108148448169,2.9596590995788574,2.1381676197052,1.384203553199768,0.014383246190845966
1.1705251932144165,1.7901921272277832,0.0005270107067190111,2.9601917266845703,2.1385390758514404,1.3842121362686157,0.014369131065905094
1.1707751750946045,1.7904608249664307,0.0005131862126290798,2.96071720123291,2.1389055252075195,1.3842206001281738,0.014355391263961792
1.1710216999053955,1.7907260656356812,0.0004997237119823694,2.961236000061035,2.1392672061920166,1.3842291831970215,0.01434201467782259
1.1712647676467896,1.7909878492355347,0.00048661589971743524,2.961747646331787,2.1396241188049316,1.3842374086380005,0.014328990131616592
1.1715044975280762,1.7912462949752808,0.0004738560819532722,2.962252616882324,2.1399762630462646,1.38424551486969,0.014316311106085777
1.1717408895492554,1.7915014028549194,0.00046143107465468347,2.9627509117126465,2.1403238773345947,1.3842535018920898,0.014303965494036674
1.1719740629196167,1.7917532920837402,0.0004493343294598162,2.963242292404175,2.1406667232513428,1.3842613697052002,0.014291947707533836
1.1722040176391602,1.7920019626617432,0.0004375535063445568,2.9637274742126465,2.141005277633667,1.384269118309021,0.014280244708061218
1.1724307537078857,1.7922474145889282,0.00042608255171217024,2.9642059803009033,2.141339063644409,1.3842767477035522,0.014268849976360798
1.172654390335083,1.792489767074585,0.0004149150336161256,2.9646782875061035,2.1416687965393066,1.384284257888794,0.014257757924497128
1.172874927520752,1.7927290201187134,0.00040403957245871425,2.965144157409668,2.141993999481201,1.3842915296554565,0.014246954582631588
1.1730923652648926,1.7929651737213135,0.0003934502019546926,2.965603828430176,2.142314910888672,1.3842986822128296,0.014236437156796455
1.1733068227767944,1.7931983470916748,0.0003831416252069175,2.966057538986206,2.1426315307617188,1.3843059539794922,0.014226200990378857
1.1735183000564575,1.7934285402297974,0.00037310257903300226,2.9665050506591797,2.142943859100342,1.3843129873275757,0.014216232113540173
1.1737267971038818,1.7936557531356812,0.0003633278829511255,2.966946840286255,2.143252372741699,1.3843199014663696,0.01420652586966753
1.173932433128357,1.7938801050186157,0.0003538121236488223,2.9673824310302734,2.143556833267212,1.384326457977295,0.014197076670825481
1.1741352081298828,1.794101595878601,0.0003445452020969242,2.9678125381469727,2.143857002258301,1.3843332529067993,0.014187877997756004
1.174335241317749,1.7943202257156372,0.00033552205422893167,2.9682369232177734,2.144153356552124,1.3843398094177246,0.014178919605910778
1.174532413482666,1.7945361137390137,0.0003267354622948915,2.968655586242676,2.1444458961486816,1.3843462467193604,0.014170197769999504
1.1747268438339233,1.7947492599487305,0.0003181807405781001,2.9690685272216797,2.1447343826293945,1.3843525648117065,0.01416170597076416
1.174918532371521,1.7949596643447876,0.00030985084595158696,2.9694762229919434,2.145019292831421,1.3843587636947632,0.014153438620269299
1.1751075983047485,1.7951674461364746,0.0003017412673216313,2.9698781967163086,2.1453003883361816,1.3843647241592407,0.014145388267934322
1.175294041633606,1.795372486114502,0.0002938429533969611,2.9702749252319336,2.145577907562256,1.3843705654144287,0.014137547463178635
1.1754778623580933,1.7955750226974487,0.00028615392511710525,2.9706664085388184,2.1458516120910645,1.3843764066696167,0.01412991713732481
1.1756591796875,1.7957749366760254,0.0002786656259559095,2.971052885055542,2.1461215019226074,1.3843823671340942,0.014122488908469677
1.1758378744125366,1.7959723472595215,0.00027137392316944897,2.9714341163635254,2.146388292312622,1.3843879699707031,0.01411525346338749
1.1760140657424927,1.796167254447937,0.0002642749168444425,2.9718103408813477,2.146651268005371,1.384393572807312,0.014108209870755672
1.1761878728866577,1.796359658241272,0.00025736275711096823,2.9721813201904297,2.1469106674194336,1.384399175643921,0.014101354405283928
1.1763591766357422,1.796549677848816,0.0002506313903722912,2.9725475311279297,2.1471669673919678,1.3844044208526611,0.014094674959778786
1.1765280961990356,1.7967371940612793,0.00024407735327258706,2.9729089736938477,2.1474196910858154,1.3844099044799805,0.014088176190853119
1.176694631576538,1.7969223260879517,0.00023769705148879439,2.9732651710510254,2.1476693153381348,1.384414792060852,0.014081844128668308
1.176858901977539,1.7971051931381226,0.0002314847952220589,2.9736170768737793,2.1479153633117676,1.3844200372695923,0.014075685292482376
1.177020788192749,1.7972856760025024,0.0002254333085147664,2.973964214324951,2.148158311843872,1.3844250440597534,0.01406968291848898
1.1771804094314575,1.7974638938903809,0.00021954344992991537,2.974306583404541,2.148397922515869,1.3844300508499146,0.01406384352594614
1.1773377656936646,1.7976398468017578,0.00021380795806180686,2.974644184112549,2.148634433746338,1.384434700012207,0.014058155007660389
1.1774929761886597,1.7978136539459229,0.00020822370424866676,2.974977493286133,2.1488678455352783,1.384439468383789,0.0140526182949543
1.1776460409164429,1.7979851961135864,0.0002027839218499139,2.975306510925293,2.1490983963012695,1.3844441175460815,0.014047225005924702
1.1777968406677246,1.798154592514038,0.00019748753402382135,2.9756312370300293,2.1493256092071533,1.384448766708374,0.014041975140571594
1.177945613861084,1.7983218431472778,0.00019233181956224144,2.9759514331817627,2.149549961090088,1.384453296661377,0.014036864973604679
1.1780922412872314,1.7984870672225952,0.00018731012823991477,2.9762673377990723,2.1497714519500732,1.3844575881958008,0.014031886123120785
1.1782368421554565,1.7986501455307007,0.0001824199134716764,2.976579189300537,2.1499900817871094,1.3844618797302246,0.014027038589119911
1.1783792972564697,1.7988111972808838,0.00017765845404937863,2.9768869876861572,2.150205612182617,1.3844661712646484,0.014022319577634335
1.17851984500885,1.7989702224731445,0.00017302323249168694,2.9771904945373535,2.150418519973755,1.3844702243804932,0.014017725363373756
1.178658366203308,1.7991273403167725,0.00016850822430569679,2.977489948272705,2.1506283283233643,1.3844743967056274,0.014013251289725304
1.1787948608398438,1.799282431602478,0.00016411104297731072,2.977785587310791,2.1508357524871826,1.3844783306121826,0.014008894562721252
1.1789294481277466,1.7994356155395508,0.0001598310482222587,2.9780774116516113,2.1510403156280518,1.3844823837280273,0.014004654251039028
1.1790621280670166,1.7995868921279907,0.00015566250658594072,2.978364944458008,2.151242256164551,1.3844860792160034,0.014000522904098034
1.1791929006576538,1.7997362613677979,0.00015160317707341164,2.978649139404297,2.1514413356781006,1.3844900131225586,0.013996503315865993
1.1793218851089478,1.7998837232589722,0.00014765099331270903,2.978929042816162,2.1516380310058594,1.3844935894012451,0.01399258617311716
1.1794489622116089,1.8000293970108032,0.0001438021135982126,2.97920560836792,2.151832103729248,1.3844972848892212,0.01398877426981926
1.1795742511749268,1.800173282623291,0.00014005444245412946,2.979478359222412,2.1520235538482666,1.3845008611679077,0.013985062018036842
1.1796977519989014,1.8003153800964355,0.0001364044437650591,2.9797475337982178,2.152212619781494,1.3845041990280151,0.01398144569247961
1.1798194646835327,1.8004556894302368,0.0001328501821262762,2.980013132095337,2.1523990631103516,1.3845077753067017,0.013977928087115288
1.1799395084381104,1.8005942106246948,0.00012938978034071624,2.9802751541137695,2.152583122253418,1.384511113166809,0.013974500820040703
1.1800577640533447,1.8007310628890991,0.00012601978960447013,2.9805335998535156,2.1527647972106934,1.384514331817627,0.013971162959933281
1.1801743507385254,1.8008661270141602,0.00012273846368771046,2.9807887077331543,2.1529440879821777,1.3845174312591553,0.013967911712825298
1.1802892684936523,1.8009995222091675,0.00011954393266933039,2.9810404777526855,2.153120994567871,1.3845206499099731,0.013964749872684479
1.1804025173187256,1.8011313676834106,0.00011643307516351342,2.9812889099121094,2.1532955169677734,1.3845237493515015,0.013961669988930225
1.1805140972137451,1.8012615442276,0.00011340276978444308,2.981534004211426,2.153467893600464,1.3845268487930298,0.013958671130239964
1.1806241273880005,1.8013900518417358,0.00011045293649658561,2.9817757606506348,2.1536381244659424,1.3845295906066895,0.01395574864000082
1.1807326078414917,1.8015170097351074,0.00010758042481029406,2.9820141792297363,2.153805732727051,1.3845325708389282,0.013952906243503094
1.1808395385742188,1.8016424179077148,0.00010478235344635323,2.9822497367858887,2.1539714336395264,1.3845354318618774,0.013950136490166187
1.1809449195861816,1.801766276359558,0.00010205725266132504,2.9824819564819336,2.15413498878479,1.3845380544662476,0.013947437517344952
1.1810487508773804,1.8018885850906372,9.940371819538996e-05,2.9827113151550293,2.154296398162842,1.3845407962799072,0.013944811187684536
1.181151032447815,1.8020094633102417,9.682028758106753e-05,2.9829373359680176,2.1544556617736816,1.3845434188842773,0.013942253775894642
1.181251883506775,1.802128791809082,9.430425416212529e-05,2.9831604957580566,2.1546127796173096,1.3845460414886475,0.013939764350652695
1.1813511848449707,1.8022466897964478,9.185426461044699e-05,2.9833807945251465,2.1547677516937256,1.3845486640930176,0.013937341049313545
1.181449055671692,1.8023631572723389,8.946908928919584e-05,2.983597755432129,2.154920816421509,1.3845510482788086,0.01393497921526432
1.1815454959869385,1.8024781942367554,8.714602881809697e-05,2.9838123321533203,2.155071973800659,1.3845534324645996,0.013932679779827595
1.181640625,1.8025918006896973,8.488396997563541e-05,2.9840235710144043,2.1552209854125977,1.384555697441101,0.013930439949035645
1.181734323501587,1.8027039766311646,8.268038072856143e-05,2.9842324256896973,2.1553680896759033,1.384558081626892,0.013928260654211044
1.1818265914916992,1.8028148412704468,8.053538476815447e-05,2.984438419342041,2.155513286590576,1.384560465812683,0.01392613910138607
1.1819175481796265,1.8029242753982544,7.844658102840185e-05,2.9846415519714355,2.155656576156616,1.384562611579895,0.013924072496592999
1.1820071935653687,1.803032398223877,7.641292904736474e-05,2.984841823577881,2.1557979583740234,1.384564757347107,0.013922060839831829
1.1820955276489258,1.8031392097473145,7.443199137924239e-05,2.985039710998535,2.155937433242798,1.3845669031143188,0.013920101337134838
1.1821825504302979,1.803244709968567,7.250283670146018e-05,2.9852347373962402,2.1560752391815186,1.3845689296722412,0.013918191194534302
1.1822682619094849,1.8033490180969238,7.06244318280369e-05,2.9854273796081543,2.1562113761901855,1.384570837020874,0.01391633227467537
1.1823527812957764,1.8034520149230957,6.879466673126444e-05,2.985617160797119,2.1563456058502197,1.3845726251602173,0.013914520852267742
1.1824359893798828,1.8035537004470825,6.701252277707681e-05,2.985804796218872,2.156477928161621,1.3845746517181396,0.01391275878995657
1.1825180053710938,1.8036541938781738,6.527821824420244e-05,2.985989570617676,2.1566085815429688,1.3845765590667725,0.013911043293774128
1.1825988292694092,1.8037534952163696,6.358852260746062e-05,2.9861721992492676,2.1567375659942627,1.3845783472061157,0.013909371569752693
1.182678461074829,1.80385160446167,6.194267189130187e-05,2.9863524436950684,2.156865119934082,1.3845800161361694,0.013907741755247116
1.1827569007873535,1.8039485216140747,6.0339785704854876e-05,2.986530065536499,2.1569907665252686,1.3845818042755127,0.013906157575547695
1.1828341484069824,1.804044246673584,5.877895455341786e-05,2.9867053031921387,2.1571147441864014,1.3845834732055664,0.013904613442718983
1.1829102039337158,1.8041388988494873,5.725936352973804e-05,2.9868783950805664,2.1572372913360596,1.3845850229263306,0.013903109356760979
1.1829851865768433,1.8042323589324951,5.577920819632709e-05,2.987049102783203,2.157358169555664,1.3845865726470947,0.013901644386351109
1.1830590963363647,1.804324746131897,5.4337702749762684e-05,2.987217426300049,2.157477378845215,1.3845881223678589,0.013900218531489372
1.1831318140029907,1.8044159412384033,5.293303547659889e-05,2.9873838424682617,2.157595157623291,1.3845895528793335,0.013898828066885471
1.1832034587860107,1.8045060634613037,5.1566541515057907e-05,2.9875478744506836,2.1577112674713135,1.3845911026000977,0.013897476717829704
1.1832740306854248,1.8045951128005981,5.023545600124635e-05,2.9877095222473145,2.1578259468078613,1.3845924139022827,0.013896159827709198
1.183343529701233,1.8046830892562866,4.8939076805254444e-05,2.9878692626953125,2.1579391956329346,1.3845938444137573,0.013894877396523952
1.183411955833435,1.8047699928283691,4.767670179717243e-05,2.9880266189575195,2.158050775527954,1.3845951557159424,0.013893627561628819
1.1834794282913208,1.8048559427261353,4.6447719796560705e-05,2.9881820678710938,2.158160924911499,1.3845964670181274,0.013892412185668945
1.1835458278656006,1.8049408197402954,4.524956602836028e-05,2.988335371017456,2.1582698822021484,1.384597659111023,0.013891225680708885
1.183611273765564,1.8050247430801392,4.408351014717482e-05,2.9884867668151855,2.158377170562744,1.384598970413208,0.013890072703361511
1.1836756467819214,1.805107593536377,4.294708196539432e-05,2.988636016845703,2.1584832668304443,1.384600043296814,0.013888946734368801
1.1837390661239624,1.8051894903182983,4.184153294772841e-05,2.988783359527588,2.158587694168091,1.384601354598999,0.013887855224311352
1.183801531791687,1.8052704334259033,4.076439654454589e-05,2.9889285564422607,2.158691167831421,1.3846021890640259,0.013886785134673119
1.1838630437850952,1.805350422859192,3.971521437051706e-05,2.989071846008301,2.1587929725646973,1.3846032619476318,0.013885747641324997
1.183923602104187,1.805429458618164,3.869334977935068e-05,2.989213466644287,2.158893585205078,1.3846043348312378,0.01388473715633154
1.183983325958252,1.8055075407028198,3.769833710975945e-05,2.9893531799316406,2.1589930057525635,1.3846052885055542,0.013883750885725021
1.1840420961380005,1.8055847883224487,3.6728768463945016e-05,2.9894909858703613,2.159090995788574,1.3846062421798706,0.013882790692150593
1.1840999126434326,1.8056610822677612,3.578417454264127e-05,2.989626884460449,2.1591877937316895,1.384607195854187,0.013881855644285679
1.184156894683838,1.8057365417480469,3.4864879125962034e-05,2.9897608757019043,2.159283399581909,1.3846079111099243,0.01388094387948513
1.1842129230499268,1.8058110475540161,3.3968746720347553e-05,2.9898934364318848,2.1593775749206543,1.3846088647842407,0.013880057260394096
1.1842681169509888,1.8058847188949585,3.3096956030931324e-05,2.9900240898132324,2.159470796585083,1.3846096992492676,0.013879193924367428
1.184322476387024,1.805957555770874,3.224741158192046e-05,2.9901528358459473,2.159562587738037,1.3846104145050049,0.0138783510774374
1.1843760013580322,1.8060295581817627,3.141971683362499e-05,2.9902801513671875,2.159653425216675,1.3846111297607422,0.013877530582249165
1.1844286918640137,1.8061007261276245,3.0613417038694024e-05,2.990405559539795,2.159742832183838,1.3846118450164795,0.013876731507480145
1.1844805479049683,1.8061710596084595,2.9828132028342225e-05,2.9905295372009277,2.1598312854766846,1.3846125602722168,0.01387595385313034
1.184531569480896,1.8062405586242676,2.906342524511274e-05,2.9906516075134277,2.1599185466766357,1.3846131563186646,0.013875194825232029
1.1845817565917969,1.8063092231750488,2.831886195053812e-05,2.990772247314453,2.1600046157836914,1.3846138715744019,0.013874457217752934
1.1846312284469604,1.8063771724700928,2.7594089260674082e-05,2.9908909797668457,2.1600894927978516,1.38461434841156,0.013873737305402756
1.1846798658370972,1.8064442873001099,2.68872499873396e-05,2.9910082817077637,2.1601736545562744,1.3846147060394287,0.013873034156858921
1.1847277879714966,1.8065106868743896,2.6199471903964877e-05,2.991124153137207,2.1602563858032227,1.3846153020858765,0.013872351497411728
1.1847748756408691,1.8065762519836426,2.5528896003379487e-05,2.991238594055176,2.1603381633758545,1.3846158981323242,0.013871687464416027
1.1848212480545044,1.8066411018371582,2.487662641215138e-05,2.9913511276245117,2.160418748855591,1.3846163749694824,0.01387104019522667
1.1848669052124023,1.8067052364349365,2.4240938728326e-05,2.991462230682373,2.1604983806610107,1.384616732597351,0.01387040875852108
1.184911847114563,1.8067686557769775,2.3621476429980248e-05,2.991572141647339,2.1605770587921143,1.3846172094345093,0.01386979315429926
1.1849560737609863,1.8068312406539917,2.301796484971419e-05,2.99168062210083,2.1606547832489014,1.384617567062378,0.013869193382561207
1.1849995851516724,1.806893229484558,2.2430705939768814e-05,2.9917874336242676,2.160731315612793,1.3846179246902466,0.013868609443306923
1.185042381286621,1.8069545030593872,2.1858120817341842e-05,2.9918928146362305,2.1608071327209473,1.3846181631088257,0.013868039473891258
1.1850844621658325,1.807015061378479,2.1300549633451737e-05,2.9919967651367188,2.160881757736206,1.3846184015274048,0.013867484405636787
1.1851258277893066,1.8070749044418335,2.0757690435857512e-05,2.9920995235443115,2.1609554290771484,1.3846187591552734,0.01386694423854351
1.185166597366333,1.8071340322494507,2.022926855715923e-05,2.9922008514404297,2.1610281467437744,1.384619116783142,0.013866419903934002
1.185206651687622,1.8071925640106201,1.9714378140633926e-05,2.992300510406494,2.161100149154663,1.384619116783142,0.01386590488255024
1.1852461099624634,1.8072503805160522,1.9212744518881664e-05,2.992399215698242,2.1611709594726562,1.3846193552017212,0.01386540662497282
1.1852848529815674,1.8073076009750366,1.8724111214396544e-05,2.9924964904785156,2.161240816116333,1.3846195936203003,0.013864919543266296
1.1853229999542236,1.8073642253875732,1.8248263586428948e-05,2.9925923347473145,2.1613099575042725,1.3846197128295898,0.013864445500075817
1.1853605508804321,1.8074201345443726,1.778430669219233e-05,2.992687225341797,2.1613783836364746,1.3846197128295898,0.013863981701433659
1.1853973865509033,1.8074754476547241,1.7332629795419052e-05,2.9927806854248047,2.1614456176757812,1.384619951248169,0.01386353187263012
1.1854336261749268,1.807530164718628,1.6892974599613808e-05,2.992872714996338,2.1615121364593506,1.384619951248169,0.0138630922883749
1.1854692697525024,1.807584285736084,1.6464560758322477e-05,2.9929637908935547,2.1615777015686035,1.3846200704574585,0.013862664811313152
1.1855043172836304,1.8076378107070923,1.604714270797558e-05,2.993053436279297,2.161642551422119,1.384619951248169,0.013862245716154575
1.1855387687683105,1.8076907396316528,1.5640529454685748e-05,2.9931421279907227,2.1617064476013184,1.3846200704574585,0.013861840590834618
1.185572624206543,1.8077430725097656,1.5244488167809322e-05,2.993229389190674,2.1617696285247803,1.384619951248169,0.013861443847417831
1.1856060028076172,1.8077948093414307,1.4858837857900653e-05,2.9933156967163086,2.161831855773926,1.3846200704574585,0.013861059211194515
1.1856387853622437,1.807845950126648,1.4482834558293689e-05,2.993400812149048,2.161893367767334,1.384619951248169,0.013860682025551796
1.1856709718704224,1.807896614074707,1.4116812053543981e-05,2.9934847354888916,2.161954402923584,1.3846197128295898,0.013860314153134823
1.1857026815414429,1.8079466819763184,1.3760074580204673e-05,2.99356746673584,2.1620142459869385,1.3846197128295898,0.013859957456588745
1.1857337951660156,1.8079962730407715,1.3412431144388393e-05,2.993649482727051,2.1620736122131348,1.3846195936203003,0.01385960727930069
1.1857643127441406,1.8080452680587769,1.3073691661702469e-05,2.993730068206787,2.1621320247650146,1.3846194744110107,0.01385926827788353
1.1857943534851074,1.808093786239624,1.2744206287607085e-05,2.993809700012207,2.1621897220611572,1.3846193552017212,0.013858937658369541
1.185823917388916,1.8081417083740234,1.242279449797934e-05,2.9938881397247314,2.1622469425201416,1.3846189975738525,0.013858612626791
1.1858528852462769,1.8081891536712646,1.2109803719795309e-05,2.9939656257629395,2.1623032093048096,1.3846187591552734,0.013858296908438206
1.1858813762664795,1.8082361221313477,1.1805051144619938e-05,2.994041919708252,2.1623587608337402,1.3846185207366943,0.013857990503311157
1.185909390449524,1.808282494544983,1.1507908311614301e-05,2.994117498397827,2.1624135971069336,1.3846182823181152,0.013857690617442131
1.1859369277954102,1.80832839012146,1.1218713552807458e-05,2.994191884994507,2.1624677181243896,1.3846180438995361,0.013857399113476276
1.1859639883041382,1.8083738088607788,1.093683204089757e-05,2.99426531791687,2.1625211238861084,1.384617805480957,0.013857114128768444
1.185990571975708,1.8084187507629395,1.066211552824825e-05,2.994337797164917,2.162574052810669,1.3846174478530884,0.013856835663318634
1.1860166788101196,1.808463215827942,1.039444759953767e-05,2.9944093227386475,2.162626266479492,1.3846170902252197,0.013856564648449421
1.186042308807373,1.8085072040557861,1.0133680916624144e-05,2.9944798946380615,2.162677526473999,1.3846169710159302,0.013856302946805954
1.1860674619674683,1.8085507154464722,9.87969269772293e-06,2.994549512863159,2.1627285480499268,1.384616494178772,0.013856044039130211
1.1860921382904053,1.80859375,9.632329238229431e-06,2.9946181774139404,2.162778615951538,1.3846161365509033,0.01385579351335764
1.186116337776184,1.8086364269256592,9.391480489284731e-06,2.9946858882904053,2.162828207015991,1.3846156597137451,0.01385554764419794
1.1861400604248047,1.8086786270141602,9.156590749626048e-06,2.994752883911133,2.162877082824707,1.384615421295166,0.013855311088263988
1.1861634254455566,1.808720350265503,8.927965609473176e-06,2.994818687438965,2.1629254817962646,1.3846148252487183,0.01385507546365261
1.1861863136291504,1.808761715888977,8.705069376446772e-06,2.9948837757110596,2.162973165512085,1.38461434841156,0.013854848220944405
1.1862088441848755,1.808802604675293,8.4877810877515e-06,2.994947910308838,2.163020133972168,1.3846139907836914,0.01385462749749422
1.1862308979034424,1.8088431358337402,8.276017069874797e-06,2.995011329650879,2.163066864013672,1.3846133947372437,0.01385440956801176
1.1862525939941406,1.8088831901550293,8.069659998000134e-06,2.9950740337371826,2.1631128787994385,1.3846129179000854,0.013854199089109898
1.1862738132476807,1.8089228868484497,7.868611646699719e-06,2.99513578414917,2.1631581783294678,1.3846124410629272,0.013853993266820908
1.186294674873352,1.808962106704712,7.672766514588147e-06,2.99519681930542,2.163203001022339,1.384611964225769,0.01385379210114479
1.1863150596618652,1.8090009689331055,7.482014552806504e-06,2.9952569007873535,2.1632473468780518,1.3846113681793213,0.013853595592081547
1.1863350868225098,1.8090394735336304,7.296266630874015e-06,2.9953160285949707,2.1632909774780273,1.3846107721328735,0.013853403739631176
1.1863547563552856,1.809077501296997,7.115060725482181e-06,2.9953746795654297,2.1633341312408447,1.3846102952957153,0.013853218406438828
1.1863740682601929,1.8091151714324951,6.938662409083918e-06,2.9954323768615723,2.163376569747925,1.3846098184585571,0.013853035867214203
1.186392903327942,1.8091524839401245,6.7666269387700595e-06,2.9954891204833984,2.163419008255005,1.3846088647842407,0.013852855190634727
1.1864113807678223,1.8091894388198853,6.59921306578326e-06,2.9955453872680664,2.1634604930877686,1.384608268737793,0.013852681964635849
1.186429500579834,1.8092260360717773,6.436002422560705e-06,2.995600700378418,2.163501501083374,1.3846076726913452,0.013852512463927269
1.186447262763977,1.8092622756958008,6.2769004216534086e-06,2.9956555366516113,2.1635420322418213,1.3846070766448975,0.013852347619831562
